{
  "overall": {
    "Δομή–Ευελιξία": 85.7,
    "Εξωστρέφεια–Εσωστρέφεια": 68.7,
    "Λογική–Συναισθηματισμός": 89.0,
    "Πραγματισμός–Διαισθητικότητα": 71.3
  },
  "byDepartment": {
    "ΔΙΟΙΚΗΤΙΚΑ ΤΜΗΜΑΤΑ /ΠΩΛΗΣΕΙΣ/ ΑΠΟΘΗΚΗ/LOGISTICS": {
      "Δομή–Ευελιξία": 82.4,
      "Εξωστρέφεια–Εσωστρέφεια": 75.3,
      "Λογική–Συναισθηματισμός": 86.1,
      "Πραγματισμός–Διαισθητικότητα": 60.2
    },
    "ΠΑΡΑΓΩΓΗ/ΓΡΑΜΜΑΤΕΙΑ ΤΕΧΝΙΚΗΣ Δ/ΝΣΗΣ/ΣΥΝΤΗΡΗΣΗ": {
      "Δομή–Ευελιξία": 88.4,
      "Εξωστρέφεια–Εσωστρέφεια": 72.9,
      "Λογική–Συναισθηματισμός": 91.0,
      "Πραγματισμός–Διαισθητικότητα": 74.9
    },
    "ΣΥΣΚΕΥΑΣΙΑ & ΠΟΙΟΤΙΚΟ ΕΛΕΓΧΟ ": {
      "Δομή–Ευελιξία": 85.3,
      "Εξωστρέφεια–Εσωστρέφεια": 59.9,
      "Λογική–Συναισθηματισμός": 88.9,
      "Πραγματισμός–Διαισθητικότητα": 75.2
    }
  },
  "byDepartmentExperience": {
    "ΔΙΟΙΚΗΤΙΚΑ ΤΜΗΜΑΤΑ /ΠΩΛΗΣΕΙΣ/ ΑΠΟΘΗΚΗ/LOGISTICS": {
      "0-3": {
        "Εξωστρέφεια–Εσωστρέφεια": 75.7,
        "Πραγματισμός–Διαισθητικότητα": 70.4,
        "Λογική–Συναισθηματισμός": 88.9,
        "Δομή–Ευελιξία": 81.5
      },
      "9 & πάνω": {
        "Εξωστρέφεια–Εσωστρέφεια": 75.0,
        "Πραγματισμός–Διαισθητικότητα": 50.0,
        "Λογική–Συναισθηματισμός": 83.3,
        "Δομή–Ευελιξία": 83.3
      }
    },
    "ΠΑΡΑΓΩΓΗ/ΓΡΑΜΜΑΤΕΙΑ ΤΕΧΝΙΚΗΣ Δ/ΝΣΗΣ/ΣΥΝΤΗΡΗΣΗ": {
      "0-3": {
        "Εξωστρέφεια–Εσωστρέφεια": 77.8,
        "Πραγματισμός–Διαισθητικότητα": 66.7,
        "Λογική–Συναισθηματισμός": 77.8,
        "Δομή–Ευελιξία": 88.9
      },
      "4-9": {
        "Εξωστρέφεια–Εσωστρέφεια": 64.3,
        "Πραγματισμός–Διαισθητικότητα": 71.4,
        "Λογική–Συναισθηματισμός": 95.2,
        "Δομή–Ευελιξία": 92.9
      },
      "9 & πάνω": {
        "Εξωστρέφεια–Εσωστρέφεια": 76.7,
        "Πραγματισμός–Διαισθητικότητα": 86.7,
        "Λογική–Συναισθηματισμός": 100.0,
        "Δομή–Ευελιξία": 83.3
      }
    },
    "ΣΥΣΚΕΥΑΣΙΑ & ΠΟΙΟΤΙΚΟ ΕΛΕΓΧΟ ": {
      "0-3": {
        "Εξωστρέφεια–Εσωστρέφεια": 65.0,
        "Πραγματισμός–Διαισθητικότητα": 65.0,
        "Λογική–Συναισθηματισμός": 86.8,
        "Δομή–Ευελιξία": 82.5
      },
      "4-9": {
        "Εξωστρέφεια–Εσωστρέφεια": 68.2,
        "Πραγματισμός–Διαισθητικότητα": 77.3,
        "Λογική–Συναισθηματισμός": 90.0,
        "Δομή–Ευελιξία": 90.0
      },
      "9 & πάνω": {
        "Εξωστρέφεια–Εσωστρέφεια": 46.7,
        "Πραγματισμός–Διαισθητικότητα": 83.3,
        "Λογική–Συναισθηματισμός": 90.0,
        "Δομή–Ευελιξία": 83.3
      }
    }
  },
  "meta": {
    "company": "Cretamel",
    "period": "Σεπτέμβριος 2025",
    "created_by": "Marvi Koukounaraki",
    "pillars": [
      "Labour Standards (Pillar 1)"
    ],
    "tagline": "Respect · Safety · Growth"
  }
}